{
  "version": "1.0.0",
  "platformVersion": "7.6.1",
  "beforeRequest": [
    "$func$3$f$"
  ],
  "afterResponse": [],
  "resources": {},
  "triggers": {
    "recipe": {
      "key": "recipe",
      "noun": "Recipe",
      "display": {
        "label": "New Recipe",
        "description": "Trigger when a new recipe is added."
      },
      "operation": {
        "inputFields": [
          {
            "key": "style",
            "type": "string",
            "helpText": "Which styles of cuisine this should trigger on."
          }
        ],
        "perform": "$func$2$f$",
        "sample": {
          "id": 1,
          "createdAt": 1472069465,
          "name": "Best Spagetti Ever",
          "authorId": 1,
          "directions": "1. Boil Noodles\n2.Serve with sauce",
          "style": "italian"
        },
        "outputFields": [
          {
            "key": "id",
            "label": "ID"
          },
          {
            "key": "createdAt",
            "label": "Created At"
          },
          {
            "key": "name",
            "label": "Name"
          },
          {
            "key": "directions",
            "label": "Directions"
          },
          {
            "key": "authorId",
            "label": "Author ID"
          },
          {
            "key": "style",
            "label": "Style"
          }
        ]
      }
    }
  },
  "searches": {},
  "creates": {
    "recipe": {
      "key": "recipe",
      "noun": "Recipe",
      "display": {
        "label": "Bla",
        "description": "BlaBlablablablalbalba"
      },
      "operation": {
        "inputFields": [
          {
            "key": "apikey",
            "required": true,
            "type": "string"
          },
          {
            "key": "event_type",
            "type": "string",
            "choices": [
              "customer_created",
              "customer_changed",
              "customer_deleted",
              "subscription_created",
              "subscription_payment_method_added",
              "subscription_payment_method_changed",
              "subscription_trial_end",
              "subscription_renewal",
              "subscription_cancelled",
              "subscription_uncancelled",
              "subscription_on_hold",
              "subscription_on_hold_dunning",
              "subscription_reactivated",
              "subscription_expired",
              "subscription_expired_dunning",
              "subscription_changed",
              "invoice_created",
              "invoice_settled",
              "invoice_authorized",
              "invoice_dunning",
              "invoice_dunning_notification",
              "invoice_dunning_cancelled",
              "invoice_failed",
              "invoice_refund",
              "invoice_reactivate",
              "invoice_cancelled",
              "invoice_changed",
              "invoice_credited"
            ]
          },
          {
            "key": "Customer",
            "children": [
              {
                "key": "Fields",
                "list": true
              }
            ]
          },
          {
            "key": "Subscription",
            "children": [
              {
                "key": "Fields2",
                "list": true
              }
            ]
          }
        ],
        "perform": "$func$2$f$",
        "sample": {
          "id": 1,
          "createdAt": 1472069465,
          "name": "Best Spagetti Ever",
          "authorId": 1,
          "directions": "1. Boil Noodles\n2.Serve with sauce",
          "style": "italian"
        }
      }
    }
  },
  "searchOrCreates": {}
}